Player,Pos,To,AP1,PB,St,wAV,G,Cmp,Att,Yds,TD,Int,Att,Yds,TD,Rec,Yds,TD,Solo,Int,Sk,-9999
Ameer Abdullah,RB,2021,0,0,2,16,91,0,0,0,0,0,409,1574,6,119,865,7,9,,,AbduAm00
Jude Adjei-Barimah,CB,2016,0,0,1,3,23,0,0,0,0,0,0,0,0,0,0,0,56,,2.0,AdjeJu00
Nelson Agholor,WR,2021,0,0,7,30,102,1,1,15,0,0,14,71,0,309,3884,29,,,,AghoNe00
Jay Ajayi,RB,2019,0,1,2,19,45,0,0,0,0,0,572,2546,13,63,419,1,,,,AjayJa00
D.J. Alexander,OLB,2019,0,1,0,7,61,0,0,0,0,0,0,0,0,0,0,0,43,,,AlexD.00
Kwon Alexander,OLB,2021,0,1,5,36,78,0,0,0,0,0,0,0,0,0,0,0,371,8,12.0,AlexKw00
Mario Alford,WR,2016,0,0,0,0,4,0,0,0,0,0,0,0,0,1,15,0,,,,AlfoMa00
Javorius Allen,RB,2019,0,0,0,14,64,0,0,0,0,0,350,1285,9,130,823,6,11,,,AlleJa01
Adrian Amos,FS,2021,0,0,7,33,109,0,0,0,0,0,0,0,0,0,0,0,443,9,5.0,AmosAd00
Henry Anderson,DE,2021,0,0,4,20,78,0,0,0,0,0,0,0,0,0,0,0,101,,11.5,AndeHe00
Jonathan Anderson,LB,2017,0,0,0,4,31,0,0,0,0,0,0,0,0,0,0,0,43,1,,AndeJo01
David Andrews,C,2021,0,0,6,39,89,0,0,0,0,0,0,0,0,0,0,0,,,,AndrDa00
Stephone Anthony,ILB,2019,0,0,1,10,62,0,0,0,0,0,0,0,0,0,0,0,97,1,1.0,AnthSt00
Thurston Armbrister,LB,2018,0,0,0,4,31,0,0,0,0,0,0,0,0,0,0,0,30,,,ArmbTh00
Arik Armstead,DE,2021,0,0,5,34,95,0,0,0,0,0,0,0,0,0,0,0,154,,28.5,ArmsAr01
Cameron Artis-Payne,RB,2018,0,0,0,5,32,0,0,0,0,0,118,491,5,10,86,0,2,,,ArtiCa00
Richard Ash,DT,2017,0,0,0,2,13,0,0,0,0,0,0,0,0,0,0,0,15,,,AshxRi00
Kennard Backman,TE,2015,0,0,0,0,7,0,0,0,0,0,0,0,0,0,0,0,,,,BackKe00
Neiron Ball,OLB,2015,0,0,0,1,6,0,0,0,0,0,0,0,0,0,0,0,7,,1.0,BallNe00
Tavaris Barnes,DE,2015,0,0,0,1,12,0,0,0,0,0,0,0,0,0,0,0,3,,,BarnTa00
Brad Bars,DE,2015,0,0,0,0,2,0,0,0,0,0,0,0,0,0,0,0,2,,,BarsBr00
Houston Bates,OLB,2016,0,0,0,2,24,0,0,0,0,0,0,0,0,0,0,0,14,,,BateHo00
Vic Beasley,OLB,2020,1,1,5,32,88,0,0,0,0,0,0,0,0,0,0,0,122,1,37.5,BeasVi00
Blake Bell,TE,2021,0,0,1,5,97,0,0,0,0,0,5,12,0,58,621,0,7,,,BellBl00
Michael Bennett,DT,2018,0,0,0,1,16,0,0,0,0,0,0,0,0,0,0,0,12,,0.5,BennMi01
Jordan Berry,P,2021,0,0,0,12,108,0,0,0,0,0,3,-11,0,0,0,0,1,,,BerrJo00
E.J. Bibbs,TE,2015,0,0,0,0,7,0,0,0,0,0,0,0,0,1,7,0,,,,BibbE.00
Angelo Blackson,DT,2021,0,0,1,20,102,0,0,0,0,0,0,0,0,0,0,0,88,1,8.5,BlacAn00
Chris Boswell,K,2021,0,1,0,21,104,1,2,2,1,0,0,0,0,0,0,0,7,,,BoswCh00
Nick Boyle,TE,2021,0,0,4,9,78,0,0,0,0,0,0,0,0,121,1049,4,3,,,BoylNi00
Quan Bray,WR,2017,0,0,0,0,24,0,0,0,0,0,1,7,0,6,75,0,,,,BrayQu00
Delvin Breaux,CB,2016,0,0,2,6,22,0,0,0,0,0,0,0,0,0,0,0,55,3,,BreaDe00
Kyle Brindza,K,2015,0,0,0,-2,4,0,0,0,0,0,0,0,0,0,0,0,,,,BrinKy00
Cariel Brooks,CB,2015,0,0,0,0,3,0,0,0,0,0,0,0,0,0,0,0,1,,,BrooCa00
Daniel Brown,TE,2021,0,0,0,2,86,0,0,0,0,0,0,0,0,46,449,2,10,,,BrowDa04
Jamon Brown,OT,2020,0,0,3,21,62,0,0,0,0,0,0,0,0,0,0,0,,,,BrowJa04
Malcolm Brown,RB,2021,0,0,0,9,77,0,0,0,0,0,331,1313,12,46,337,1,7,,,BrowMa03
Malcom Brown,DT,2021,0,0,6,43,106,0,0,0,0,0,0,0,0,0,0,0,160,,13.5,BrowMa01
Trent Brown,OT,2021,0,1,4,32,72,0,0,0,0,0,0,0,0,0,0,0,,,,BrowTr02
Michael Burton,FB,2021,0,0,1,0,96,0,0,0,0,0,23,55,1,16,112,1,9,,,BurtMi00
Tyreek Burwell,T,2017,0,0,0,1,17,0,0,0,0,0,0,0,0,0,0,0,,,,BurwTy00
Bryce Callahan,CB,2021,0,0,2,17,66,0,0,0,0,0,0,0,0,0,0,0,171,6,5.0,CallBr00
Ibraheim Campbell,SS,2021,0,0,1,6,60,0,0,0,0,0,0,0,0,0,0,0,85,,,CampIb00
A.J. Cann,OG,2021,0,0,6,35,95,0,0,0,0,0,0,0,0,0,0,0,,,,CannA.00
Joe Cardona,LS,2021,0,0,0,6,113,0,0,0,0,0,0,0,0,0,0,0,8,,,CardJo00
Anthony Chickillo,DE,2020,0,0,1,10,76,0,0,0,0,0,0,0,0,0,0,0,66,,8.5,ChicAn00
Frank Clark,DE,2021,0,3,5,45,105,0,0,0,0,0,0,0,0,0,0,0,155,2,53.5,ClarFr01
Kaelin Clay,WR,2018,0,0,0,3,22,0,0,0,0,0,3,27,0,6,85,0,1,,,ClayKa00
T.J. Clemmings,OT,2018,0,0,2,15,41,0,0,0,0,0,0,0,0,0,0,0,,,,ClemT.00
Sammie Coates,WR,2018,0,0,0,4,44,0,0,0,0,0,4,14,0,29,528,2,8,,,CoatSa00
David Cobb,RB,2015,0,0,0,1,7,0,0,0,0,0,52,146,1,1,-2,0,,,,CobbDa00
Justin Coleman,CB,2021,0,0,1,14,95,0,0,0,0,0,0,0,0,0,0,0,187,6,2.0,ColeJu01
Tevin Coleman,RB,2021,0,0,2,33,89,0,0,0,0,0,777,3293,24,128,1273,12,2,,,ColeTe01
Jalen Collins,CB,2016,0,0,0,4,24,0,0,0,0,0,0,0,0,0,0,0,45,2,,CollJa02
La'el Collins,OT,2021,0,0,4,30,74,0,0,0,0,0,0,0,0,0,0,0,,,,CollLa01
Landon Collins,SS,2021,1,3,6,41,94,0,0,0,0,0,0,0,0,0,0,0,482,11,10.0,CollLa00
Chris Conley,WR,2021,0,0,3,21,100,0,0,0,0,0,1,3,0,213,2807,15,4,,,ConlCh00
Travis Coons,K,2017,0,0,0,3,19,0,0,0,0,0,0,0,0,0,0,0,2,,,CoonTr00
Amari Cooper,WR,2021,0,4,7,50,108,0,0,0,0,0,14,41,0,517,7076,46,,,,CoopAm00
Xavier Cooper,DT,2017,0,0,0,4,40,0,0,0,0,0,0,0,0,0,0,0,29,,3.0,CoopXa00
Christian Covington,DT,2021,0,0,1,20,98,0,0,0,0,0,0,0,0,0,0,0,103,,9.5,CoviCh00
John Crockett,RB,2015,0,0,0,0,2,0,0,0,0,0,9,21,0,0,0,0,,,,CrocJo00
Jamison Crowder,WR,2021,0,0,4,31,96,1,2,43,1,0,17,82,0,409,4607,28,2,,,CrowJa00
Yannick Cudjoe-Virgil,LB,2015,0,0,0,0,2,0,0,0,0,0,0,0,0,0,0,0,,,,CudjYa00
Ronald Darby,CB,2021,0,0,7,29,84,0,0,0,0,0,0,0,0,0,0,0,309,8,,DarbRo00
Matt Darr,P,2018,0,0,0,5,37,0,0,0,0,0,1,0,0,0,0,0,3,,,DarrMa00
Carl Davis,DT,2021,0,0,1,11,56,0,0,0,0,0,0,0,0,0,0,0,32,,1.5,DaviCa01
Geremy Davis,WR,2019,0,0,0,0,36,0,0,0,0,0,0,0,0,5,59,0,11,,,DaviGe00
Mike Davis,RB,2021,0,0,2,20,79,0,0,0,0,0,550,2034,14,169,1062,4,3,,,DaviMi01
Tyeler Davison,DT,2021,0,0,6,31,105,0,0,0,0,0,0,0,0,0,0,0,100,,5.0,DaviTy01
Paul Dawson,OLB,2017,0,0,0,1,16,0,0,0,0,0,0,0,0,0,0,0,10,,,DawsPa00
Ryan Delaire,DE,2018,0,0,0,2,17,0,0,0,0,0,0,0,0,0,0,0,10,,3.5,DelaRy00
Quandre Diggs,CB,2021,0,2,3,32,103,0,0,0,0,0,0,0,0,0,0,0,315,19,1.0,DiggQu00
Stefon Diggs,WR,2021,1,2,7,63,103,0,1,0,0,0,30,160,0,595,7383,48,2,,,DiggSt00
Andrew Donnal,OT,2019,0,0,0,4,31,0,0,0,0,0,0,0,0,0,0,0,,,,DonnAn00
Phillip Dorsett,WR,2021,0,0,0,15,77,0,0,0,0,0,14,84,0,131,1744,11,,,,DorsPh00
Lorenzo Doss,CB,2018,0,0,0,0,16,0,0,0,0,0,0,0,0,0,0,0,6,,,DossLo00
Jamil Douglas,OG,2021,0,0,0,7,50,0,0,0,0,0,0,0,0,0,0,0,1,,,DougJa00
Kurtis Drummond,S,2017,0,0,0,2,24,0,0,0,0,0,0,0,0,0,0,0,28,,1.0,DrumKu01
Quinton Dunbar,CB,2020,0,0,1,13,64,0,0,0,0,0,0,0,0,1,31,0,158,10,1.0,DunbQu00
Bud Dupree,DE,2021,0,0,4,33,92,0,0,0,0,0,0,0,0,0,0,0,182,1,42.5,DuprAl00
Donteea Dye,WR,2016,0,0,0,1,11,0,0,0,0,0,0,0,0,11,132,1,3,,,DyexDo00
Nick Dzubnar,LB,2021,0,0,0,5,98,0,0,0,0,0,0,0,0,0,0,0,52,,,DzubNi00
Ben Edwards,WR,2015,0,0,0,0,2,0,0,0,0,0,0,0,0,1,9,0,,,,EdwaBe00
Mario Edwards,DE,2021,0,0,1,14,86,0,0,0,0,0,0,0,0,0,0,0,84,,16.5,EdwaMa01
Kyle Emanuel,OLB,2020,0,0,2,16,71,0,0,0,0,0,0,0,0,0,0,0,95,2,4.0,EmanKy00
Cameron Erving,OT,2021,0,0,3,27,84,0,0,0,0,0,0,0,0,0,0,0,,,,ErviCa00
Kaleb Eulls,DT,2015,0,0,0,0,4,0,0,0,0,0,0,0,0,0,0,0,,,,EullKa00
Randall Evans,CB,2015,0,0,0,0,1,0,0,0,0,0,0,0,0,0,0,0,,,,EvanRa00
Deshazor Everett,CB,2021,0,0,1,10,89,0,0,0,0,0,0,0,0,0,0,0,119,2,,EverDe01
Tayo Fabuluje,OT,2015,0,0,0,0,4,0,0,0,0,0,0,0,0,0,0,0,,,,FabuTa00
Jon Feliciano,OG,2021,0,0,1,18,82,0,0,0,0,0,0,0,0,0,0,0,,,,FeliJo00
Jake Fisher,OT,2018,0,0,0,9,48,0,0,0,0,0,0,0,0,2,43,0,,,,FishJa00
Ereck Flowers,OT,2021,0,0,7,35,105,0,0,0,0,0,0,0,0,1,-11,0,,,,FlowEr00
Trey Flowers,DE,2021,0,0,4,34,75,0,0,0,0,0,0,0,0,0,0,0,160,,31.5,FlowTr00
Jalston Fowler,FB,2017,0,0,1,0,42,0,0,0,0,0,10,20,2,6,58,1,6,,,FowlJa00
Andrew Franks,K,2016,0,0,0,5,32,0,0,0,0,0,0,0,0,0,0,0,1,,,FranAn01
Alani Fua,OLB,2016,0,0,0,1,19,0,0,0,0,0,0,0,0,0,0,0,5,,,FuaxAl00
Devin Funchess,WR,2019,0,0,2,20,62,0,0,0,0,0,0,0,0,164,2265,21,,,,FuncDe00
Charles Gaines,CB,2015,0,0,0,1,6,0,0,0,0,0,0,0,0,0,0,0,15,,,GainCh00
Andy Gallik,C,2015,0,0,1,4,12,0,0,0,0,0,0,0,0,0,0,0,,,,GallAn00
Max Garcia,C,2021,0,0,3,23,93,0,0,0,0,0,0,0,0,0,0,0,,,,GarcMa00
Clayton Geathers,SS,2019,0,0,3,13,56,0,0,0,0,0,0,0,0,0,0,0,183,1,,GeatCl00
Jacoby Glenn,DB,2016,0,0,0,1,8,0,0,0,0,0,0,0,0,0,0,0,23,1,,GlenJa01
Mark Glowinski,OG,2021,0,0,5,33,95,0,0,0,0,0,0,0,0,0,0,0,1,,,GlowMa00
Markus Golden,OLB,2021,0,0,3,28,94,0,0,0,0,0,0,0,0,0,0,0,184,1,44.5,GoldMa00
Eddie Goldman,DT,2021,0,0,4,32,81,0,0,0,0,0,0,0,0,0,0,0,116,,13.0,GoldEd00
Denzelle Good,OT,2021,0,0,2,21,62,0,0,0,0,0,0,0,0,0,0,0,,,,GoodDe01
Melvin Gordon,RB,2021,0,2,7,48,98,0,0,0,0,0,1477,6144,53,284,2244,14,,,,GordMe00
Corey Grant,RB,2018,0,0,0,4,38,0,0,0,0,0,81,454,3,18,156,1,7,,,GranCo00
Doran Grant,CB,2015,0,0,0,0,3,0,0,0,0,0,0,0,0,0,0,0,,,,GranDo00
Hroniss Grasu,C,2020,0,0,1,8,27,0,0,0,0,0,0,0,0,0,2,0,,,,GrasHr00
Garrett Grayson,QB,2015,0,0,0,0,1,0,0,0,0,0,0,0,0,0,0,0,,,,GrayGa00
Dorial Green-Beckham,WR,2016,0,0,0,7,31,0,0,0,0,0,0,0,0,68,941,6,,,,GreeDo00
Rashad Greene,WR,2018,0,0,0,2,25,0,0,0,0,0,0,0,0,30,185,2,,,,GreeRa00
Randy Gregory,DE,2021,0,0,1,11,50,0,0,0,0,0,0,0,0,0,0,0,64,1,16.5,GregRa00
Geneo Grissom,OLB,2018,0,0,0,3,37,0,0,0,0,0,0,0,0,0,0,0,7,,1.0,GrisGe00
Ladarius Gunter,CB,2017,0,0,1,4,29,0,0,0,0,0,0,0,0,0,0,0,52,,,GuntLa00
Rodney Gunter,DT,2019,0,0,3,18,77,0,0,0,0,0,0,0,0,0,0,0,86,,11.0,GuntRo00
Todd Gurley,RB,2020,2,3,6,54,88,0,0,0,0,0,1460,6082,67,243,2254,12,,,,GurlTo01
Obum Gwacham,DE,2017,0,0,0,1,15,0,0,0,0,0,0,0,0,0,0,0,7,,2.5,GwacOb00
Bryce Hager,ILB,2020,0,0,0,7,79,0,0,0,0,0,0,0,0,0,0,0,45,,0.5,HageBr00
Rannell Hall,WR,2015,0,0,0,0,1,0,0,0,0,0,0,0,0,0,0,0,,,,HallRa02
Justin Hardy,WR,2019,0,0,0,8,73,0,0,0,0,0,0,0,0,95,946,9,5,,,HardJu00
Eli Harold,OLB,2018,0,0,2,11,61,0,0,0,0,0,0,0,0,0,0,0,65,,9.0,HaroEl00
Chris Harper,WR,2016,0,0,0,1,14,0,0,0,0,0,0,0,0,14,139,0,,,,HarpCh01
Alonzo Harris,RB,2015,0,0,0,0,6,0,0,0,0,0,4,19,0,0,0,0,,,,HarrAl00
Anthony Harris,DB,2021,0,0,4,22,95,0,0,0,0,0,0,0,0,0,0,0,221,10,,HarrAn01
Bobby Hart,OG,2021,0,0,4,26,83,0,0,0,0,0,0,0,0,0,0,0,,,,HartBo00
Rob Havenstein,OT,2021,0,0,7,44,99,0,0,0,0,0,0,0,0,0,0,0,,,,HaveRo00
Jarryd Hayne,RB,2015,0,0,0,0,8,0,0,0,0,0,17,52,0,6,27,0,1,,,HaynJa00
Ben Heeney,ILB,2017,0,0,0,3,24,0,0,0,0,0,0,0,0,0,0,0,44,,2.5,HeenBe00
Mitchell Henry,TE,2015,0,0,0,0,2,0,0,0,0,0,0,0,0,0,0,0,,,,HenrMi00
Amarlo Herrera,ILB,2015,0,0,0,0,3,0,0,0,0,0,0,0,0,0,0,0,,,,HerrAm00
Neville Hewitt,LB,2021,0,0,2,24,99,0,0,0,0,0,0,0,0,0,0,0,266,3,7.5,HewiNe00
Jordan Hicks,OLB,2021,0,0,6,40,92,0,0,0,0,0,0,0,0,0,0,0,427,11,10.5,HickJo00
Troy Hill,CB,2021,0,0,2,20,85,0,0,0,0,0,0,0,0,0,0,0,206,7,3.0,HillTr01
Zach Hocker,K,2015,0,0,0,0,8,0,0,0,0,0,0,0,0,0,0,0,,,,HockZa00
Mike Hull,ILB,2018,0,0,0,5,43,0,0,0,0,0,0,0,0,0,0,0,53,1,,HullMi01
Adam Humphries,WR,2021,0,0,2,23,96,0,0,0,0,0,9,36,0,320,3314,13,1,,,HumpAd00
Akeem Hunt,RB,2017,0,0,0,2,30,0,0,0,0,0,45,228,0,13,99,0,9,,,HuntAk01
Danielle Hunter,DE,2021,0,2,3,45,85,0,0,0,0,0,0,0,0,0,0,0,216,,60.5,HuntDa01
Joey Iosefa,FB,2015,0,0,0,0,2,0,0,0,0,0,15,51,0,0,0,0,,,,IoseJo00
David Irving,DE,2020,0,0,0,8,39,0,0,0,0,0,0,0,0,0,0,0,38,,12.5,IrviDa00
Tre' Jackson,OG,2015,0,0,1,6,13,0,0,0,0,0,0,0,0,0,0,0,,,,JackTr00
Jesse James,TE,2021,0,0,4,12,102,0,0,0,0,0,0,0,0,157,1522,12,,,,JameJe00
Grady Jarrett,DT,2021,0,2,6,44,110,0,0,0,0,0,0,0,0,0,0,0,198,,26.5,JarrGr00
Kyshoen Jarrett,SS,2015,0,0,0,3,16,0,0,0,0,0,0,0,0,0,0,0,39,,,JarrKy00
Darius Jennings,WR,2019,0,0,0,3,28,1,1,21,0,0,1,2,0,27,235,0,3,,,JennDa00
David Johnson,RB,2021,1,1,3,42,87,0,0,0,0,0,995,4047,39,273,2758,18,3,,,JohnDa08
Duke Johnson,RB,2021,0,0,0,28,96,0,1,0,0,0,530,2261,11,311,2870,12,2,,,JohnDu00
Isaiah Johnson,DB,2018,0,0,0,0,12,0,0,0,0,0,0,0,0,0,0,0,4,,,JohnIs01
Kevin Johnson,CB,2020,0,0,0,11,64,0,0,0,0,0,0,0,0,0,0,0,153,1,1.5,JohnKe04
Malcolm Johnson,FB,2016,0,0,0,0,19,0,0,0,0,0,1,2,0,9,59,0,,,,JohnMa06
Byron Jones,CB,2021,0,1,7,38,109,0,0,0,0,0,0,0,0,0,0,0,345,4,,JoneBy00
Matt Jones,RB,2017,0,0,0,9,25,0,0,0,0,0,248,964,6,27,377,1,,,,JoneMa04
Harold Jones-Quartey,DB,2016,0,0,1,6,29,0,0,0,0,0,0,0,0,0,0,0,88,2,,JoneHa02
Eric Kendricks,ILB,2021,1,1,7,51,100,0,0,0,0,0,0,0,0,0,0,0,492,9,14.0,KendEr00
Josh Keyes,LB,2018,0,0,0,0,25,0,0,0,0,0,0,0,0,0,0,0,12,,,KeyeJo00
Hau'oli Kikaha,OLB,2017,0,0,1,5,27,0,0,0,0,0,0,0,0,0,0,0,39,,8.0,KikaHa00
Darius Kilgo,DT,2018,0,0,0,3,29,0,0,0,0,0,0,0,0,0,0,0,11,,,KilgDa01
Akeem King,DB,2019,0,0,0,3,34,0,0,0,0,0,0,0,0,0,0,0,28,,,KingAk00
Brandon King,DB,2021,0,0,0,6,73,0,0,0,0,0,0,0,0,0,0,0,34,,,KingBr02
Arie Kouandjio,OG,2017,0,0,0,4,16,0,0,0,0,0,0,0,0,0,0,0,,,,KouaAr00
Jonathan Krause,WR,2015,0,0,0,0,2,0,0,0,0,0,0,0,0,2,11,0,1,,,KrauJo00
Tyler Kroft,TE,2021,0,0,2,8,81,0,0,0,0,0,0,0,0,101,1024,13,12,,,KrofTy00
Matt LaCosse,TE,2021,0,0,1,3,34,0,0,0,0,0,0,0,0,40,403,2,,,,LaCoMa00
Keenan Lambert,S,2015,0,0,0,0,5,0,0,0,0,0,0,0,0,0,0,0,1,,,LambKe00
Josh Lambo,K,2021,0,0,0,16,78,0,0,0,0,0,0,0,0,0,0,0,4,,,LambJo00
Kendall Lamm,T,2021,0,0,1,16,86,0,0,0,0,0,0,0,0,2,8,1,,,,LammKe00
Jeremy Langford,RB,2018,0,0,0,7,29,0,0,0,0,0,219,762,10,41,421,1,2,,,LangJe00
Khari Lee,TE,2018,0,0,0,0,34,0,0,0,0,0,0,0,0,2,12,0,,,,LeexKh00
Dezmin Lewis,WR,2016,0,0,0,0,2,0,0,0,0,0,0,0,0,0,0,0,,,,LewiDe02
Tony Lippett,WR,2018,0,0,1,6,28,0,0,0,0,0,0,0,0,0,0,0,58,4,,LippTo00
Tyler Lockett,WR,2021,1,1,7,53,111,0,0,0,0,0,40,265,1,449,6067,45,1,,,LockTy00
Matt Longacre,DE,2018,0,0,1,7,38,0,0,0,0,0,0,0,0,0,0,0,35,,6.5,LongMa00
Rick Lovato,LS,2021,0,1,0,7,88,0,0,0,0,0,0,0,0,0,0,0,10,,,LovaRi00
Cameron Lynch,LB,2018,0,0,0,4,58,0,0,0,0,0,0,0,0,0,0,0,17,,,LyncCa00
Terrence Magee,RB,2017,0,0,0,0,8,0,0,0,0,0,5,17,0,1,2,0,,,,MageTe00
Craig Mager,CB,2018,0,0,0,4,24,0,0,0,0,0,0,0,0,0,0,0,29,1,,MageCr00
Greg Mancz,C,2021,0,0,1,13,63,0,0,0,0,0,0,0,0,0,0,0,,,,MancGr00
Sean Mannion,QB,2021,0,0,0,2,14,67,110,573,1,3,25,-3,0,0,0,0,,,,MannSe00
Marcus Mariota,QB,2021,0,0,4,45,74,1128,1795,13437,77,45,264,1574,13,2,62,1,,,,MariMa01
Dean Marlowe,S,2021,0,0,0,7,47,0,0,0,0,0,0,0,0,0,0,0,67,2,1.5,MarlDe00
Ali Marpet,G,2021,0,1,7,43,101,0,0,0,0,0,0,0,0,0,0,0,1,,,MarpAl00
Bradley Marquez,WR,2018,0,0,0,1,32,0,0,0,0,0,1,2,0,16,125,0,14,,,MarqBr00
Nick Marshall,CB,2016,0,0,0,2,21,0,0,0,0,0,0,0,0,0,0,0,12,,,MarsNi00
Gabe Martin,LB,2017,0,0,0,1,11,0,0,0,0,0,0,0,0,0,0,0,4,,,MartGa00
Ronald Martin,SS,2017,0,0,0,1,13,0,0,0,0,0,0,0,0,0,0,0,1,,,MartRo01
Shaq Mason,G,2021,0,0,7,43,103,0,0,0,0,0,0,0,0,0,0,0,,,,MasoSh01
Lorenzo Mauldin,OLB,2016,0,0,0,4,26,0,0,0,0,0,0,0,0,0,0,0,20,1,6.5,MaulLo00
Vince Mayle,WR,2017,0,0,0,0,23,0,0,0,0,0,2,2,1,0,0,0,9,,,MaylVi00
David Mayo,ILB,2021,0,0,1,15,102,0,0,0,0,0,0,0,0,0,0,0,129,,2.0,MayoDa00
Joey Mbu,NT,2017,0,0,0,0,9,0,0,0,0,0,0,0,0,0,0,0,3,,,MbuxJo01
Tre McBride,WR,2017,0,0,0,1,17,0,0,0,0,0,1,8,0,10,152,1,5,,,McBrTr00
Bobby McCain,CB,2021,0,0,5,24,104,0,0,0,0,0,0,0,0,0,0,0,247,11,4.0,McCaBo01
Dexter McDonald,CB,2017,0,0,0,2,27,0,0,0,0,0,0,0,0,0,0,0,42,,,McDoDe02
Tevin McDonald,S,2015,0,0,0,0,4,0,0,0,0,0,0,0,0,0,0,0,,,,McDoTe00
T.Y. McGill,DT,2021,0,0,0,3,46,0,0,0,0,0,0,0,0,0,0,0,18,,5.5,McGiT.00
Benardrick McKinney,ILB,2021,0,1,5,44,91,0,0,0,0,0,0,0,0,0,0,0,331,1,11.5,McKiBe00
Cameron Meredith,WR,2018,0,0,1,8,31,1,1,2,1,0,1,6,0,86,1122,5,,,,MereCa00
Darrian Miller,T,2015,0,0,0,0,6,0,0,0,0,0,0,0,0,0,0,0,,,,MillDa00
John Miller,OG,2021,0,0,5,31,84,0,0,0,0,0,0,0,0,0,0,0,,,,MillJo04
Ty Montgomery,RB-WR,2021,0,0,1,17,78,0,0,0,0,0,258,1180,7,139,1104,3,9,,,MontTy01
Corey Moore,S,2018,0,0,0,5,46,0,0,0,0,0,0,0,0,0,0,0,53,1,,MoorCo00
Mitch Morse,C,2021,0,0,6,41,96,0,0,0,0,0,0,0,0,0,0,0,,,,MorsMi00
Raheem Mostert,RB,2021,0,0,1,14,59,0,0,0,0,0,284,1610,11,36,361,3,23,,,MostRa00
Deiontrez Mount,OLB,2017,0,0,0,1,12,0,0,0,0,0,0,0,0,0,0,0,6,1,,MounDe00
Keith Mumphery,WR,2016,0,0,0,2,27,0,0,0,0,0,0,0,0,24,198,0,5,,,MumpKe00
Daniel Munyer,OL,2021,0,0,0,1,20,0,0,0,0,0,0,0,0,0,0,0,,,,MunyDa00
Marcus Murphy,RB,2018,0,0,0,2,28,0,0,0,0,0,60,291,0,14,36,0,2,,,MurpMa03
Tyler Murphy,WR,2015,0,0,0,0,2,0,0,0,0,0,0,0,0,1,16,0,,,,MurpTy00
Jason Myers,K,2021,0,1,0,19,103,0,0,0,0,0,0,0,0,0,0,0,10,,,MyerJa00
JJ Nelson,WR,2019,0,0,0,12,58,0,0,0,0,0,12,120,1,85,1475,11,1,,,NelsJJ00
Steven Nelson,CB,2021,0,0,5,27,98,0,0,0,0,0,0,0,0,0,0,0,287,8,,NelsSt01
Roosevelt Nix,FB,2019,0,1,0,0,60,0,0,0,0,0,4,4,1,12,69,1,24,,,NixxRo01
Rakeem Nunez-Roches,DT,2021,0,0,2,17,85,0,0,0,0,0,0,0,0,0,0,0,50,,1.5,NuneRa00
Mark Nzeocha,OLB,2021,0,0,0,5,56,0,0,0,0,0,0,0,0,0,0,0,33,1,1.0,NzeoMa00
Nick O'Leary,TE,2019,0,0,2,6,59,0,0,0,0,0,0,0,0,53,668,4,,,,OLeaNi00
James O'Shaughnessy,TE,2021,0,0,3,7,80,0,0,0,0,0,0,0,0,112,1108,3,11,,,O'ShJa00
Owamagbe Odighizuwa,DE,2016,0,0,0,1,18,0,0,0,0,0,0,0,0,0,0,0,4,,,OdigOw00
Cedric Ogbuehi,OT,2021,0,0,2,15,60,0,0,0,0,0,0,0,0,0,0,0,,,,OgbuCe00
Earl Okine,DE,2015,0,0,0,0,5,0,0,0,0,0,0,0,0,0,0,0,4,,,OkinEa00
Nate Orchard,OLB,2021,0,0,1,8,48,0,0,0,0,0,0,0,0,0,0,0,51,1,6.0,OrchNa00
Leon Orr,DT,2016,0,0,0,0,8,0,0,0,0,0,0,0,0,0,0,0,2,,,OrrxLe00
Tyler Ott,LS,2021,0,1,0,4,85,0,0,0,0,0,0,0,0,0,0,0,3,,,OttxTy00
Brian Parker,TE,2018,0,0,0,0,22,0,0,0,0,0,0,0,0,6,39,0,1,,,ParkBr00
DeVante Parker,WR,2021,0,0,4,32,93,0,0,0,0,0,0,0,0,338,4727,24,2,,,ParkDe01
David Parry,NT,2018,0,0,2,13,36,0,0,0,0,0,0,0,0,0,0,0,52,,5.0,ParrDa00
Eric Patterson,CB,2015,0,0,0,0,3,0,0,0,0,0,0,0,0,0,0,0,3,,,PattEr00
Andrus Peat,OT,2021,0,3,5,46,84,0,0,0,0,0,0,0,0,0,0,0,,,,PeatAn00
Denzel Perryman,ILB,2021,0,1,5,33,84,0,0,0,0,0,0,0,0,0,0,0,352,3,5.0,PerrDe00
Brian Peters,LB,2018,0,0,0,4,51,0,0,0,0,0,0,0,0,0,0,0,34,,,PeteBr00
Marcus Peters,CB,2020,2,3,5,56,91,0,0,0,0,0,0,0,0,0,0,0,249,31,1.0,PeteMa00
Jordan Phillips,DT,2021,0,0,4,26,94,0,0,0,0,0,0,0,0,0,0,0,101,1,20.0,PhilJo01
Darius Philon,DT,2021,0,0,0,14,65,0,0,0,0,0,0,0,0,0,0,0,65,,11.5,PhilDa01
Bradley Pinion,P,2021,0,0,0,10,111,0,0,0,0,0,0,0,0,0,0,0,5,,,PiniBr00
Terrance Plummer,LB,2015,0,0,0,0,3,0,0,0,0,0,0,0,0,0,0,0,1,,,PlumTe01
Jeremiah Poutasi,OT,2016,0,0,0,3,12,0,0,0,0,0,0,0,0,0,0,0,,,,PoutJe00
MyCole Pruitt,TE,2021,0,0,1,5,79,0,0,0,0,0,0,0,0,46,488,7,4,,,PruiMy00
Hayes Pullard,ILB,2018,0,0,1,9,46,0,0,0,0,0,0,0,0,0,0,0,84,1,,PullHa00
Damarious Randall,FS,2020,0,0,5,21,75,0,0,0,0,0,0,0,0,0,0,0,244,14,2.5,RandDa00
Thomas Rawls,RB,2018,0,0,1,12,35,0,0,0,0,0,314,1336,7,31,266,1,,,,RawlTh00
Shane Ray,DE,2018,0,0,1,12,49,0,0,0,0,0,0,0,0,0,0,0,64,,14.0,RayxSh00
Denzel Rice,DB,2018,0,0,0,1,19,0,0,0,0,0,0,0,0,0,0,0,10,1,,RiceDe00
Jordan Richards,SS,2021,0,0,1,10,86,0,0,0,0,0,0,0,0,0,0,0,77,,,RichJo00
Bobby Richardson,DT,2015,0,0,1,4,15,0,0,0,0,0,0,0,0,0,0,0,20,1,0.5,RichBo00
Cody Riggs,CB,2016,0,0,0,1,14,0,0,0,0,0,0,0,0,0,0,0,14,,,RiggCo00
Aaron Ripkowski,FB,2017,0,0,0,2,47,0,0,0,0,0,39,163,2,17,103,1,9,,,RipkAa00
Trevor Roach,LB,2016,0,0,0,0,4,0,0,0,0,0,0,0,0,0,0,0,1,,,RoacTr00
Corey Robinson,OT,2018,0,0,0,7,28,0,0,0,0,0,0,0,0,0,0,0,,,,RobiCo00
Edmond Robinson,OLB,2021,0,0,0,3,38,0,0,0,0,0,0,0,0,0,0,0,17,,,RobiEd00
Josh Robinson,RB,2015,0,0,0,0,5,0,0,0,0,0,17,39,0,6,33,0,,,,RobiJo02
Quinten Rollins,CB,2017,0,0,0,7,33,0,0,0,0,0,0,0,0,0,0,0,76,3,1.0,RollQu00
Eric Rowe,CB,2021,0,0,2,19,86,0,0,0,0,0,0,0,0,0,0,0,230,5,,RoweEr00
Ryan Russell,DE,2017,0,0,0,4,23,0,0,0,0,0,0,0,0,0,0,0,17,,3.0,RussRy00
Jake Ryan,OLB,2019,0,0,2,14,45,0,0,0,0,0,0,0,0,0,0,0,144,,1.0,RyanJa00
Ty Sambrailo,OT,2021,0,0,0,14,71,0,0,0,0,0,0,0,0,1,35,1,,,,SambTy00
James Sample,SS,2015,0,0,0,1,4,0,0,0,0,0,0,0,0,0,0,0,8,,,SampJa00
De'Ante Saunders,DB,2015,0,0,0,0,1,0,0,0,0,0,0,0,0,0,0,0,,,,SaunDe00
Wes Saxton,TE,2015,0,0,0,0,1,0,0,0,0,0,0,0,0,0,0,0,,,,SaxtWe01
Brandon Scherff,G,2021,1,5,7,47,89,0,0,0,0,0,0,0,0,0,0,0,1,,,ScheBr00
Josh Shaw,CB,2018,0,0,0,7,55,0,0,0,0,0,0,0,0,0,0,0,95,1,,ShawJo00
Danny Shelton,DT,2021,0,0,5,33,100,0,0,0,0,0,0,0,0,0,0,0,138,,6.0,ShelDa01
Austin Shepherd,OT,2015,0,0,0,1,14,0,0,0,0,0,0,0,0,0,0,0,,,,ShepAu00
Josh Shirley,DE,2016,0,0,0,0,6,0,0,0,0,0,0,0,0,0,0,0,2,,,ShirJo00
Trevor Siemian,QB,2021,0,0,2,16,33,606,1029,6843,41,27,69,203,2,0,0,0,,,,SiemTr00
Ian Silberman,OG,2018,0,0,0,0,3,0,0,0,0,0,0,0,0,0,0,0,,,,SilbIa00
D'Joun Smith,CB,2016,0,0,0,0,5,0,0,0,0,0,0,0,0,0,0,0,1,,,SmitDJ00
Derron Smith,FS,2017,0,0,0,3,38,0,0,0,0,0,0,0,0,0,0,0,9,,,SmitDe05
Devin Smith,WR,2021,0,0,0,2,22,0,0,0,0,0,0,0,0,15,248,2,3,,,SmitDe04
Donovan Smith,OT,2021,0,0,7,49,111,0,0,0,0,0,0,0,0,0,0,0,,,,SmitDo02
Dreamius Smith,RB,2015,0,0,0,0,2,0,0,0,0,0,0,0,0,0,0,0,,,,SmitDr02
Kevin Smith,WR,2015,0,0,0,0,7,0,0,0,0,0,0,0,0,3,43,0,,,,SmitKe04
Preston Smith,DE,2021,0,0,6,43,112,0,0,0,0,0,0,0,0,0,0,0,197,5,49.5,SmitPr00
Rod Smith,RB,2019,0,0,0,5,55,0,0,0,0,0,101,364,5,30,272,1,17,,,SmitRo06
Tye Smith,CB,2021,0,0,0,3,45,0,0,0,0,0,0,0,0,0,0,0,49,1,,SmitTy01
Za'Darius Smith,DE,2021,0,2,2,37,91,0,0,0,0,0,0,0,0,0,0,0,148,,44.5,SmitZa00
Kristjan Sokoli,DT,2015,0,0,0,0,1,0,0,0,0,0,0,0,0,0,0,0,,,,SokoKr00
Martrell Spaight,OLB,2018,0,0,0,6,37,0,0,0,0,0,0,0,0,0,0,0,68,1,,SpaiMa00
Quinton Spain,OG,2021,0,0,6,36,95,0,0,0,0,0,0,0,0,0,0,0,1,,,SpaiQu00
Evan Spencer,WR,2015,0,0,0,0,1,0,0,0,0,0,0,0,0,0,0,0,1,,,SpenEv00
Neal Sterling,WR,2018,0,0,0,2,35,0,0,0,0,0,0,0,0,24,239,0,3,,,SterNe00
Tony Steward,OLB,2015,0,0,0,1,7,0,0,0,0,0,0,0,0,0,0,0,1,,,StewTo01
Jaelen Strong,WR,2017,0,0,0,2,20,0,0,0,0,0,0,0,0,31,330,4,,,,StroJa01
Geoff Swaim,TE,2021,0,0,2,6,69,0,0,0,0,0,0,0,0,88,694,5,2,,,SwaiGe00
Damian Swann,CB,2015,0,0,0,1,7,0,0,0,0,0,0,0,0,0,0,0,20,,,SwanDa02
A.J. Tarpley,LB,2015,0,0,0,2,15,0,0,0,0,0,0,0,0,0,0,0,5,2,1.0,TarpA.00
Jaquiski Tartt,SS,2021,0,0,4,21,80,0,0,0,0,0,0,0,0,0,0,0,265,4,4.0,TartJa00
J.R. Tavai,OLB,2015,0,0,0,0,4,0,0,0,0,0,0,0,0,0,0,0,3,,1.0,TavaJ.00
Robenson Therezie,SS,2016,0,0,0,3,25,0,0,0,0,0,0,0,0,0,0,0,29,1,,TherRo00
Carlos Thompson,LB,2017,0,0,0,1,5,0,0,0,0,0,0,0,0,0,0,0,6,,,ThomCa02
Shaq Thompson,OLB,2021,0,0,7,34,100,0,0,0,0,0,0,0,0,0,0,0,367,3,11.5,ThomSh01
John Timu,ILB,2017,0,0,0,6,29,0,0,0,0,0,0,0,0,0,0,0,49,,,TimuJo00
Laken Tomlinson,OG,2021,0,1,7,44,112,0,0,0,0,0,0,0,0,0,0,0,,,,TomlLa01
Andrew Turzilli,WR,2015,0,0,0,0,3,0,0,0,0,0,0,0,0,2,25,0,,,,TurzAn00
Will Tye,TE,2017,0,0,2,7,32,0,0,0,0,0,0,0,0,94,897,4,,,,TyexWi00
C.J. Uzomah,TE,2021,0,0,3,13,79,0,0,0,0,0,0,0,0,163,1591,13,10,,,UzomC.00
Tyler Varga,RB,2015,0,0,0,0,3,0,0,0,0,0,1,2,0,1,18,0,1,,,VargTy00
Zach Vigil,ILB,2018,0,0,1,6,46,0,0,0,0,0,0,0,0,0,0,0,65,,,VigiZa00
Clive Walford,TE,2019,0,0,1,7,52,0,0,0,0,0,0,4,0,74,825,6,,,,WalfCl00
Tray Walker,CB,2015,0,0,0,0,8,0,0,0,0,0,0,0,0,0,0,0,2,,,WalkTr00
Darren Waller,TE,2021,0,1,3,25,65,0,0,0,0,0,3,26,0,270,3184,16,10,,,WallDa01
Leterrius Walton,DT,2018,0,0,0,4,36,0,0,0,0,0,0,0,0,0,0,0,17,,2.0,WaltLe00
Terron Ward,RB,2017,0,0,0,3,32,0,0,0,0,0,90,375,1,13,98,0,2,,,WardTe00
Trae Waynes,CB,2021,0,0,3,19,79,0,0,0,0,0,0,0,0,0,0,0,226,7,1.0,WaynTr00
Brandon Wegher,RB,2015,0,0,0,0,1,0,0,0,0,0,0,0,0,0,0,0,,,,WeghBr00
De'Ondre Wesley,T,2015,0,0,0,0,7,0,0,0,0,0,0,0,0,0,0,0,,,,WeslDe00
DeAndrew White,WR,2019,0,0,0,0,16,0,0,0,0,0,0,0,0,7,93,0,5,,,WhitDe01
Lucky Whitehead,WR,2016,0,0,0,2,30,0,0,0,0,0,20,189,0,9,64,0,,,,WhitLu00
Cody Wichmann,OG,2016,0,0,2,6,24,0,0,0,0,0,0,0,0,0,0,0,,,,WichCo00
Darrell Williams,T,2017,0,0,0,2,21,0,0,0,0,0,0,0,0,0,0,0,,,,WillDa07
Daryl Williams,OT,2021,0,0,5,39,89,0,0,0,0,0,0,0,0,0,0,0,,,,WillDa06
Jordan Williams,DE,2017,0,0,0,0,2,0,0,0,0,0,0,0,0,0,0,0,1,,,WillJo05
Karlos Williams,RB,2015,0,0,0,4,11,0,0,0,0,0,93,517,7,11,96,2,,,,WillKa01
Kasen Williams,WR,2017,0,0,0,1,10,0,0,0,0,0,1,5,0,10,92,0,,,,WillKa02
Leonard Williams,DT,2021,0,1,6,49,112,0,0,0,0,0,0,0,0,0,0,0,198,1,35.5,WillLe02
Maxx Williams,TE,2021,0,0,2,8,72,0,0,0,0,0,5,14,0,102,994,6,7,,,WillMa04
Trey Williams,RB,2015,0,0,0,0,2,0,0,0,0,0,2,12,0,0,0,0,,,,WillTr03
Tyrell Williams,WR,2021,0,0,4,25,70,0,0,0,0,0,2,15,0,199,3195,23,,,,WillTy00
Xavier Williams,DT,2021,0,0,0,8,57,0,0,0,0,0,0,0,0,0,0,0,65,,4.0,WillXa00
Damien Wilson,ILB,2021,0,0,5,29,110,0,0,0,0,0,0,0,0,0,0,0,243,1,7.0,WilsDa02
Ramik Wilson,ILB,2019,0,0,1,14,46,0,0,0,0,0,0,0,0,0,0,0,114,1,,WilsRa00
James Winchester,LS,2021,0,0,0,6,113,0,0,0,0,0,0,0,0,0,0,0,7,,,WincJa00
Jameis Winston,QB,2021,0,1,5,58,83,1665,2720,20982,135,91,288,1204,11,0,0,0,,,,WinsJa00
Chandler Worthy,WR,2015,0,0,0,0,3,0,0,0,0,0,0,0,0,3,14,0,,,,WortCh00
Gabe Wright,DT,2018,0,0,0,1,15,0,0,0,0,0,0,0,0,0,0,0,9,,,WrigGa00
T.J. Yeldon,RB,2020,0,0,2,20,60,0,0,0,0,0,492,2005,6,185,1448,7,,,,YeldT.00
Zach Zenner,RB,2019,0,0,0,6,41,0,0,0,0,0,177,683,8,29,282,0,10,,,ZennZa00